"","country","SFTGcode","COW","risk_in_2017","risk_2017_18","anymk.ongoing","anymk.ever","reg.afr","reg.eap","reg.eur","reg.mna","reg.sca","countryage.ln","popsize.ln.combined","imr.sqrt","gdppcgrowth.combined","ios.iccpr1","includesnonstate","durable.ln","minorityrule","elf.ethnic","battledeaths.ln","candidaterestriction","partyban","judicialreform","religiousfreedom","pol_killing_approved","freemove_men4","freemove_women4","freediscussion","social_inequality","even_civilrights","repress_civilsoc","social_power_dist","tradeshare.ln.combined","coup.try.5yr","polity2.fl.2","polity2.fl.3"
"1","Afghanistan","AFG",700,0.1429,0.2617,1,1,0,0,0,0,1,4.58496747867057,17.3577609524821,8.14248119432891,0.000518672199170123,0,1,1.09861228866811,1,0.77,7.66949525100769,1,4,1,2,0,0,0,0.589223582524403,0,0,0,1,-2.35914777816913,0,1,0
"2","Democratic Republic of Congo","ZAI",490,0.1279,0.2428,1,1,1,0,0,0,0,4.04305126783455,18.1745750419033,8.63133825081603,0,1,1,0,1,0.87,5.10594547390058,1,4,1,3,0,0,0,0.339268368085883,0,0,0,1,-2.29102501714521,1,1,0
"3","Egypt","EGY",651,0.07939,0.2023,0,1,0,0,0,1,0,4.15888308335967,18.3690398784143,4.50555213042752,0.0172659309362762,1,1,1.38629436111989,1,0.18,5.59471137960184,1,3,1,2,1,0,0,0.111969753854474,1,1,0,1,-3.02585643290707,1,1,0
"4","Yemen","YEM",679,0.08473,0.2014,0,0,0,0,0,1,0,3.29583686600433,17.1312756454141,5.81377674149945,-0.118990384615385,0,1,0,1,0.135,7.84698098213879,1,4,1,0,1,0,0,0.123288226376498,0,0,0,1,-2.90749104471681,0,1,0
"5","South Sudan","SSD",626,0.09819,0.2009,1,1,1,0,0,0,0,1.79175946922805,16.3286391496968,7.76530746332687,0.00725221595487513,0,1,0,1,0.73,6.60123011872888,1,4,1,2,1,0,0,0.130183151308485,1,0,0,1,-1.57066599339285,0,1,0
"6","Pakistan","PAK",770,0.08083,0.1784,1,1,0,0,0,0,1,4.24849524204936,19.0704337839829,8.1117199162693,0.0383702531645569,0,1,2.19722457733622,1,0.71,4.23410650459726,1,4,1,2,0,0,0,0.779077885275657,0,0,0,1,-3.20898786224354,0,0,1
"7","Sudan","SUD",625,0.09048,0.1665,1,1,1,0,0,0,0,4.11087386417331,17.4897368332262,6.89927532426414,0.03157111544395,0,1,1.79175946922805,1,0.71,7.18159194461187,1,3,1,2,0,0,0,0.282900379413201,0,0,0,1,-3.3418498825413,1,1,0
"8","Burundi","BUI",516,0.05306,0.1235,0,1,1,0,0,0,0,4.00733318523247,16.181440144085,7.35527021937332,-0.0428769017980636,0,1,0.693147180559945,0,0.3,0,1,1,0,3,1,0,0,0.0555024502301623,0,0,1,1,-2.7688546331777,1,1,0
"9","Turkey","TUR",640,0.06829,0.1209,0,1,0,0,1,0,0,4.54329478227,18.1843565750296,3.40587727318528,-0.0972702806612841,1,1,0,0,0.32,5.66988092298052,1,4,0,2,0,0,0,0.352183787723995,1,0,0,1,-2.54963891179449,1,1,0
"10","Ethiopia","ETI",530,0.06018,0.1142,1,1,1,0,0,0,0,7.65775527113487,18.4366954865523,6.43428317685817,0.0526649746192893,0,1,2.484906649788,0,0.72,3.25809653802148,1,3,1,3,0,0,0,0.413510869807012,0,0,0,1,-2.84600428119014,0,1,0
"11","Libya","LIB",620,0.05435,0.1125,0,1,0,0,0,1,0,4.18965474202643,15.6819717499248,3.37638860322683,-0.0490956072351422,1,1,0,0,0.79,7.42595365707754,1,3,1,1,0,0,0,0.343980166196618,0,0,0,0,-1.64720964326132,0,1,0
"12","Angola","ANG",540,0.04764,0.1115,0,1,1,0,0,0,0,3.73766961828337,17.1745106407337,9.79795897113271,-0.02711157455683,1,1,2.99573227355399,1,0.79,0,1,4,1,3,0,0,0,0.440712172720656,0,0,0,1,-2.29384613440173,0,1,0
"13","Bangladesh","BNG",771,0.04785,0.09889,0,1,0,0,0,0,1,3.8286413964891,18.9003706808363,5.54075807087803,0.0593220338983051,0,1,1.09861228866811,1,0.05,3.73766961828337,1,4,1,3,0,1,0,0.540209791675836,0,0,0,0,-2.77454418313403,0,1,0
"14","Somalia","SOM",520,0.06701,0.09496,1,1,1,0,0,0,0,4.04305126783455,16.4834249163449,9.21954445729289,0.032,1,1,1.6094379124341,1,0.81,7.56320059235807,1,3,1,1,0,0,0,0.428738810600799,0,0,0,1,-2.01147642782788,0,1,0
"15","India","IND",750,0.03844,0.08145,1,1,0,0,0,0,1,4.24849524204936,20.9941831962164,6.15629758864855,0.0571023231069339,0,1,4.20469261939097,0,0.42,3.87120101090789,1,4,1,3,0,1,0,0.773924938624194,0,0,0,1,-2.70896132688499,0,0,1
"16","Iraq","IRQ",645,0.03961,0.07382,1,1,0,0,0,1,0,4.44265125649032,17.4282012007989,5.1478150704935,0.0679300068770536,0,1,1.09861228866811,0,0.37,9.40145647645163,1,3,1,2,0,0,0,0.419059111443806,0,0,0,1,-2.06732736668376,0,0,1
"17","Nigeria","NIG",475,0.03344,0.06647,1,1,1,0,0,0,0,4.04305126783455,19.0324284470669,8.33066623986341,-0.0391696750902527,0,1,0.693147180559945,0,0.85,7.72709448477984,0,4,2,3,0,1,1,0.829614909000708,0,0,0,1,-3.42316960444764,0,0,1
"18","Tanzania","TAZ",510,0.02567,0.06567,0,1,1,0,0,0,0,4.02535169073515,17.8274080376974,5.93295878967653,0.0366405928365583,0,1,0.693147180559945,0,0.74,0,1,4,2,3,0,1,1,0.683241540353333,0,0,0,0,-2.65756792786402,0,1,0
"19","Syria","SYR",652,0.02645,0.05776,1,1,0,0,0,1,0,4.26267987704132,16.7322657849319,3.33166624979154,-0.137931034482759,0,1,3.98898404656427,1,0.54,5.06890420222023,1,2,0,1,1,0,0,0.040419052077558,1,0,0,1,-1.22727749164146,0,0,0
"20","Uganda","UGA",500,0.02815,0.05695,0,1,1,0,0,0,0,4.00733318523247,17.5365714597496,6.1400325732035,0.0138077535847052,1,1,2.484906649788,0,0.93,4.89034912822175,1,4,1,4,0,1,1,0.437685542849181,0,0,0,1,-2.54038453564347,0,1,0
"21","Ukraine","UKR",369,0.0345,0.05516,0,0,0,0,1,0,0,3.25809653802148,17.6174890590168,2.77488738510232,0.0281047831159189,1,1,3.25809653802148,1,0.47,3.43398720448515,1,3,1,3,0,0,1,0.657983005228029,0,0,0,1,-1.68585024930478,1,1,0
"22","Republic of the Congo","CON",484,0.02936,0.0549,0,1,1,0,0,0,0,4.04305126783455,15.4850302020726,5.76194411635517,-0.0477242598320813,1,1,2.99573227355399,1,0.87,3.95124371858143,1,4,0,4,0,0,0,0.202393356889532,0,0,0,1,-1.40252614139384,0,1,0
"23","Kenya","KEN",501,0.02296,0.05084,0,0,1,0,0,0,0,3.98898404656427,17.691119992585,5.95818764390649,0.0401294498381877,0,1,2.70805020110221,0,0.86,3.91202300542815,1,4,1,4,0,0,0,0.840481182862196,0,0,0,1,-2.80906463771071,0,0,1
"24","Mozambique","MZM",541,0.02259,0.04917,0,1,1,0,0,0,0,3.73766961828337,17.1750616941546,7.52994023880668,0.00861393891934226,0,1,3.13549421592915,0,0.69,3.29583686600433,1,4,1,4,0,1,1,0.748428335992264,0,0,0,0,-1.62609251314026,0,1,0
"25","Burma/Myanmar","MYA",775,0.02771,0.04747,1,1,0,1,0,0,0,4.23410650459726,17.7780650229211,6.28490254498827,0.0522797394583476,0,1,0,0,0.51,4.44265125649032,1,4,1,2,0,0,0,0.647780642006612,1,0,0,1,-2.74362851181662,0,0,1
"26","Algeria","ALG",615,0.02321,0.04403,0,1,0,0,0,1,0,4.00733318523247,17.5152087674804,4.67974358271904,0.0233415233415233,1,1,2.56494935746154,0,0.34,4.46590811865458,1,3,1,2,0,1,0,0.641734455286603,0,0,0,1,-2.35244483206473,0,1,0
"27","Ivory Coast","IVO",437,0.02064,0.04051,0,1,1,0,0,0,0,4.04305126783455,16.9807341853855,8.16088230524127,0.0549956809674632,1,1,1.79175946922805,0,0.82,0,1,4,1,4,0,1,1,0.84766748118683,0,0,0,0,-2.48945044940105,0,1,0
"28","China","CHN",710,0.02011,0.03953,0,1,0,1,0,0,0,7.71333788887187,21.03450487955,3.03315017762062,0.0264955840693217,0,1,4.21950770517611,0,0.15,0,1,0,1,1,0,0,0,0.341780993914339,0,0,0,1,-2.80085886088739,0,0,0
"29","Jordan","JOR",663,0.01591,0.03734,0,1,0,0,0,1,0,4.26267987704132,16.0768886329502,3.92428337406972,0.000851933889930212,0,1,3.3322045101752,0,0.59,3.55534806148941,1,4,1,2,0,1,0,0.730535518272008,0,0,0,1,-1.58144091090155,0,1,0
"30","Central African Republic","CEN",482,0.02235,0.03661,1,1,1,0,0,0,0,4.04305126783455,15.3807306890202,9.5655632348545,0.0231404958677686,1,1,0,0,0.83,0,1,4,1,3,0,0,0,0.575751262291188,0,0,0,0,-2.6469033598906,1,0,1
"31","North Korea","PRK",731,0.02476,0.03542,1,1,0,1,0,0,0,4.23410650459726,17.0490779315755,22,-0.0165809033733562,0,1,4.23410650459726,1,0.04,0,1,0,1,0,1,0,0,0.0115198345472078,1,1,1,1,-1.42414458525099,0,0,0
"32","Morocco","MOR",600,0.01439,0.03434,0,0,0,0,0,1,0,4.11087386417331,17.3753945481569,4.86826457785523,0.00475122079978885,0,1,3.95124371858143,0,0.48,0,1,4,2,2,0,1,0,0.733941165330589,0,0,0,1,-1.9697229057105,0,1,0
"33","Russia","RUS",365,0.02048,0.03417,0,1,0,0,1,0,0,3.25809653802148,18.77929347993,2.86356421265527,-0.00233584220088245,1,1,2.83321334405622,1,0.25,4.24849524204936,1,4,1,3,0,1,1,0.601877764381045,0,0,0,0,-2.56323874240712,0,1,0
"34","Guinea","GUI",438,0.01687,0.03202,0,1,1,0,0,0,0,4.07753744390572,16.3418014249261,7.81024967590665,0.0386052303860522,1,1,1.38629436111989,0,0.74,0,1,4,2,4,0,1,0,0.770374723284456,0,0,0,1,-1.62453945407797,0,1,0
"35","Uzbekistan","UZB",704,0.01992,0.03186,0,0,0,0,0,0,1,3.25809653802148,17.2738603670421,5.82237065120385,0.0679696936422531,1,1,3.25809653802148,1,0.41,0,1,2,1,1,0,0,0,0.29021205311618,0,0,0,1,-2.72846255541163,0,0,0
"36","Iran","IRN",630,0.01352,0.03156,0,1,0,0,0,1,0,6.24610676548156,18.1939033790351,3.66060104354463,0.101126616447721,0,1,2.56494935746154,0,0.67,3.43398720448515,0,2,1,1,0,1,0,0.393915720030363,0,0,0,1,-2.63542997562926,0,0,0
"37","Tajikistan","TAJ",702,0.02213,0.03067,0,0,0,0,0,0,1,3.25809653802148,15.9996117203499,6.20483682299543,0.0531946508172363,1,1,2.94443897916644,1,0.51,0,1,3,1,1,0,0,0,0.172964038625523,0,1,0,1,-2.35673722984388,0,1,0
"38","Cameroon","CAO",471,0.0197,0.03048,0,0,1,0,0,0,0,4.04305126783455,16.9699493599296,7.55645419492503,0.0177923021060276,1,1,3.2188758248682,1,0.86,5.24702407216049,0,4,1,4,0,1,1,0.701883323588137,0,0,0,1,-2.66606631630023,0,1,0
"39","Chad","CHA",483,0.01716,0.02921,0,1,1,0,0,0,0,4.04305126783455,16.4926262298428,9.21954445729289,-0.0816925010473397,1,1,3.2188758248682,1,0.86,0,0,4,0,3,0,1,0,0.369871582622092,0,0,0,1,-2.15170757483522,0,1,0
"40","Indonesia","INS",850,0.0117,0.02868,0,1,0,1,0,0,0,4.21950770517611,19.3713332748442,4.77493455452533,0.0407961184275671,0,1,2.89037175789616,0,0.74,0,0,4,1,3,0,1,1,0.790807020230206,0,0,0,1,-2.78919887552768,0,0,1
"41","Thailand","THI",800,0.02519,0.028,1,1,0,1,0,0,0,6.50279004591562,18.0410300115163,3.24037034920393,0.0289137609413115,0,1,1.09861228866811,0,0.63,3.93182563272433,1,1,0,3,0,1,1,0.194781076898632,0,0,0,1,-1.52604652669858,1,1,0
"42","Niger","NIR",436,0.01968,0.02792,0,0,1,0,0,0,0,4.04305126783455,16.845708738198,7.55645419492503,0.012290502793296,1,1,1.79175946922805,0,0.65,5.61677109766657,1,4,1,4,0,1,1,0.899529805340828,0,0,0,1,-2.49267613472257,0,1,0
"43","Nepal","NEP",790,0.01204,0.02212,0,1,0,0,0,0,1,5.51745289646471,17.1803217049701,5.42217668469038,-0.00805523590333712,1,1,2.39789527279837,0,0.66,0,1,4,1,3,0,1,0,0.739112888793826,0,0,0,1,-2.50348045617927,0,0,1
"44","Rwanda","RWA",517,0.01353,0.02177,0,1,1,0,0,0,0,4.00733318523247,16.3031964411035,5.57673739743947,0.0387828162291168,0,1,3.13549421592915,0,0.32,4.86753445045558,1,3,1,4,0,1,1,0.317024254004769,0,0,0,1,-2.52212391869199,0,1,0
"45","Mali","MLI",432,0.01555,0.02176,0,0,1,0,0,0,0,4.04305126783455,16.708654147753,8.63133825081603,0.0262316058861165,1,1,1.38629436111989,0,0.69,3.29583686600433,1,4,1,3,0,1,1,0.738158225611878,0,1,0,0,-2.24147962367409,1,1,0
"46","South Africa","SAF",560,0.008447,0.01711,0,1,1,0,0,0,0,4.67282883446191,17.8353192347062,5.79655069847578,-0.00871080139372826,1,1,3.13549421592915,0,0.75,0,1,4,1,4,0,1,1,0.854673205621894,0,0,0,1,-2.2696615148559,0,0,1
"47","Bahrain","BAH",692,0.006524,0.0163,0,0,0,0,0,1,0,3.8286413964891,14.3138389294459,2.30217288664427,0.0146950021685333,0,1,1.6094379124341,1,0.5,0,0,3,1,1,0,0,0,0.224099870639767,1,0,1,1,-1.37896247951528,0,0,0
"48","Malaysia","MAL",820,0.009441,0.01564,0,0,0,1,0,0,0,4.0943445622221,17.2530554928702,2.44948974278318,0.0277236693091734,0,1,2.19722457733622,0,0.59,0,1,4,1,2,0,1,1,0.619270031924601,0,0,0,1,-1.46620244470165,0,1,0
"49","Zimbabwe","ZIM",552,0.009597,0.01537,0,1,1,0,0,0,0,3.61091791264422,16.6019978163247,6.82641926635041,-0.0170551449687323,0,1,1.38629436111989,1,0.39,0,1,4,0,4,0,1,1,0.138423610136947,0,1,0,1,-2.22585691786455,0,1,0
"50","Togo","TOG",461,0.009528,0.01485,0,0,1,0,0,0,0,4.04305126783455,15.8651843978171,7.23187389270582,0.0222672064777327,1,1,3.17805383034795,0,0.71,0,0,4,2,4,0,1,1,0.695289614652554,0,0,0,0,-1.67751668104684,0,1,0
"51","Venezuela","VEN",101,0.01081,0.0137,0,0,0,0,0,0,0,5.23110861685459,17.2651041058219,3.59165699921359,-0.173410404624277,1,1,1.38629436111989,0,0.5,0,1,4,1,3,0,1,1,0.505452672261684,0,0,0,1,-1.51362116839082,0,1,0
"52","Cambodia","CAM",811,0.008458,0.01345,0,1,0,1,0,0,0,4.15888308335967,16.5780373561382,4.9598387070549,0.0535202293724115,0,1,2.94443897916644,1,0.21,0,1,4,0,3,0,1,1,0.490885708806832,0,0,0,1,-1.48041553438772,0,1,0
"53","Brazil","BRA",140,0.007726,0.01323,0,0,0,0,0,0,0,5.25749537202778,19.1424722298143,3.82099463490856,-0.123431098393705,0,1,3.46573590279973,0,0.54,0,1,4,1,4,0,1,1,0.809418704060868,0,0,0,0,-3.24044602567809,0,0,1
"54","Mauritania","MAA",435,0.009652,0.01295,0,0,1,0,0,0,0,4.04305126783455,15.318044641863,8.06845710157772,-0.00481492627144142,0,1,2.07944154167984,1,0.62,0,1,3,1,0,0,1,1,0.730787702292646,0,0,0,1,-1.7305283512916,0,1,0
"55","Laos","LAO",812,0.008941,0.01235,0,1,0,1,0,0,0,4.21950770517611,15.7507678597809,7.12039324756716,0.0501520238347904,0,1,3.73766961828337,0,0.51,0,1,0,1,2,0,0,0,0.0721359084049315,0,0,0,1,-2.0432095388796,0,0,0
"56","Gabon","GAB",481,0.007528,0.01214,0,0,1,0,0,0,0,4.04305126783455,14.6017095615404,6.00832755431992,0.00132727907789043,0,1,2.07944154167984,0,0.77,0,1,4,2,4,0,1,1,0.907074068566098,0,0,0,1,-2.10080273004364,0,1,0
"57","Sierra Leone","SIE",451,0.006854,0.0117,0,1,1,0,0,0,0,4.02535169073515,15.8380226173352,9.33273807625608,0.0358180058083253,1,1,2.70805020110221,0,0.82,0,0,4,1,4,0,1,1,0.867047253979,0,0,0,0,-1.98320014467615,0,0,1
"58","Madagascar","MAG",580,0.007391,0.0115,0,0,1,0,0,0,0,4.04305126783455,17.0296025420793,5.9916608715781,0.014751552795031,1,1,1.09861228866811,0,0.88,0,1,4,1,4,0,1,1,0.660796445984747,0,0,0,1,-2.12992131942759,0,0,1
"59","Ecuador","ECU",130,0.009057,0.01144,0,0,0,0,0,0,0,5.23110861685459,16.6162182366195,4.28952211790544,-0.0346344145134689,1,1,2.83321334405622,0,0.66,0,1,4,1,4,0,1,1,0.966330256871496,0,0,0,0,-2.75010181701143,0,1,0
"60","Eritrea","ERI",531,0.007142,0.01141,0,0,1,0,0,0,0,3.17805383034795,15.5938470068602,5.83952052826257,0,0,1,3.17805383034795,0,0.65,0,1,0,1,1,0,0,0,0.0775719256168359,0,1,1,1,-1.37217956909769,1,0,0
"61","Colombia","COL",100,0.007049,0.01109,0,1,0,0,0,0,0,5.28826703069454,17.6950518009599,3.68781778291716,0.0081661222585161,1,1,4.0943445622221,0,0.6,3.43398720448515,1,4,1,4,0,1,1,0.760340309106565,0,0,0,1,-2.81742258594942,0,0,1
"62","Liberia","LBR",450,0.005807,0.01109,0,1,1,0,0,0,0,5.13579843705026,15.384696704186,7.26636084983398,-0.0426065162907269,0,1,2.39789527279837,0,0.91,0,1,4,1,4,0,1,1,0.816307151528777,0,0,0,0,-1.52573246039035,0,0,1
"63","Papua New Guinea","PNG",910,0.006459,0.01048,0,1,0,1,0,0,0,3.73766961828337,15.9244137492417,6.67083203206317,0.00917572686897092,0,1,3.73766961828337,1,0.27,0,1,4,1,4,0,1,1,0.805208665485926,0,1,0,0,-0.957050061245612,1,1,0
"64","Sri Lanka","SRI",780,0.00655,0.01022,0,1,0,0,0,0,1,3.80666248977032,16.8707396862669,2.89827534923789,0.0357741755170486,1,1,0.693147180559945,0,0.42,0,1,4,1,3,0,1,1,0.767099673038389,0,1,0,0,-2.4789252272521,0,0,1
"65","Haiti","HAI",41,0.008032,0.01016,0,1,0,0,0,0,0,5.36129216570943,16.2110324066506,7.22495674727538,-0.00788356579745297,0,1,0,1,0.1,0,1,4,1,4,0,1,1,0.838086983944256,0,1,0,1,-2.06848271259911,0,1,0
"66","Kyrgyzstan","KYR",703,0.006845,0.00952,0,0,0,0,0,0,1,3.25809653802148,15.6486934961953,4.35889894354067,0.0262267343485618,1,1,1.79175946922805,0,0.68,0,1,4,1,2,0,1,1,0.709001944213907,0,0,0,1,-1.67550870802366,0,0,1
"67","Peru","PER",135,0.005994,0.009503,0,1,0,0,0,0,0,4.92725368515721,17.2715494470409,3.61939221417077,0.028979045920642,1,1,2.77258872223978,0,0.66,0,1,4,1,4,0,1,1,0.867276685491698,0,0,0,1,-2.58598449754776,0,0,1
"68","Equatorial Guinea","EQG",411,0.006074,0.009454,0,1,1,0,0,0,0,3.89182029811063,14.1831512730019,8.25832912882503,-0.119100243404303,1,1,3.87120101090789,1,0.35,0,1,3,1,3,0,0,0,0.0958296710239267,0,0,0,1,-1.8197778613444,0,0,0
"69","Burkina Faso","BFO",439,0.006178,0.009436,0,0,1,0,0,0,0,4.04305126783455,16.7437689783054,7.80384520605067,0.0222658808120497,1,1,0.693147180559945,0,0.74,0,1,4,2,4,0,1,1,0.86135486359473,0,1,0,0,-2.24278116196675,1,0,1
"70","Philippines","PHI",840,0.007451,0.009433,1,1,0,1,0,0,0,4.77912349311153,18.4455901499286,4.7116875957559,0.0513828238719067,1,1,3.40119738166216,1,0.24,4.06044301054642,1,4,1,3,0,1,1,0.708709346219744,0,0,0,1,-2.19950967468889,0,0,1
"71","United Arab Emirates","UAE",696,0.006153,0.009181,0,0,0,0,0,1,0,3.8286413964891,16.0574934896692,2.42899156029822,0.0151219723558214,0,1,3.8286413964891,0,0.63,0,1,0,1,4,0,0,0,0.684708752604857,0,1,0,1,-1.12571825327548,0,0,0
"72","Mexico","MEX",70,0.006343,0.008954,0,0,0,0,0,0,0,5.27811465923052,18.6557549193676,3.36154726279432,0.00234682227578342,1,1,2.99573227355399,0,0.54,0,1,4,1,4,0,1,1,0.816146102808898,0,0,0,1,-2.02718096774515,0,0,1
"73","Kuwait","KUW",690,0.005048,0.008642,0,0,0,0,0,1,0,4.02535169073515,15.26174940583,2.70185121722126,-0.00482921602301589,0,1,3.97029191355212,0,0.66,0,0,1,2,2,0,0,0,0.531413235695117,0,1,0,1,-1.79498198457512,0,0,0
"74","United States of America","USA",2,0.00557,0.008374,0,0,0,0,0,0,0,5.4553211153577,19.5851039187678,2.36643191323985,0.00585864348352761,0,1,5.33753807970132,0,0.49,4.77068462446567,1,4,1,4,0,1,1,0.971136022416899,0,1,0,0,-3.15635557563899,0,0,1
"75","Democratic Republic of Vietnam","VIE",816,0.005742,0.008264,0,1,0,1,0,0,0,3.71357206670431,18.3572996525458,4.15932686861708,0.0519797662654806,0,1,4.14313472639153,1,0.24,0,1,0,2,2,0,1,0,0.64198738003176,0,0,0,1,-1.07862714236582,0,0,0
"76","Zambia","ZAM",551,0.005549,0.008242,0,0,1,0,0,0,0,3.97029191355212,16.6285540579505,6.58027355054484,0.000282725473565115,1,1,2.77258872223978,0,0.78,0,1,4,1,4,0,1,1,0.740884940450208,0,0,0,0,-2.05950821385317,0,0,1
"77","Qatar","QAT",694,0.004729,0.00824,0,0,0,0,0,1,0,3.8286413964891,14.8376578218361,2.60768096208106,0.0017270785856589,0,1,3.8286413964891,1,0.75,0,0,2,1,1,0,0,0,0.195794374132254,1,1,0,1,-1.85970827843037,0,0,0
"78","Turkmenistan","TKM",701,0.008432,0.008,0,0,0,0,0,0,1,3.25809653802148,15.5804079965835,6.61059755241536,0.0501363935659862,1,1,3.25809653802148,1,0.39,0,1,0,1,1,0,0,0,0.0844530937724357,0,1,0,1,-1.24570847639494,0,0,0
"79","The Gambia","GAM",420,0.005712,0.007195,0,0,1,0,0,0,0,3.95124371858143,14.6278465237703,6.92098258919931,0.011705875155816,1,1,2.99573227355399,1,0.79,0,0,4,1,3,0,1,1,0.297073058675169,0,1,0,1,-2.19988389278998,1,1,0
"80","Guatemala","GUA",90,0.00484,0.006907,0,1,0,0,0,0,0,5.18178355029209,16.6280238145514,4.9295030175465,0.0116229624379873,1,1,3.04452243772342,1,0.51,0,1,4,1,4,0,1,1,0.705748869493515,1,0,0,1,-2.5453152746029,0,0,1
"81","Argentina","ARG",160,0.004661,0.006856,0,1,0,0,0,0,0,5.30330490805908,17.5915779493165,3.33166624979154,-0.0321495133568026,1,1,3.52636052461616,0,0.26,0,1,4,1,4,0,1,1,0.953119344346351,0,0,0,0,-3.17498550568361,0,0,1
"82","Bhutan","BHU",760,0.005796,0.006779,0,0,0,0,0,0,1,4.88280192258637,13.8400418157394,5.21536192416212,0.0578913384173647,0,1,2.19722457733622,0,0.6,0,1,3,2,3,0,1,1,0.650233029418844,0,1,0,0,-1.9383306034458,0,1,0
"83","Guinea-Bissau","GNB",404,0.005049,0.006683,0,0,1,0,0,0,0,3.76120011569356,14.5248213262051,7.76530746332687,0.0312261995430312,1,1,1.09861228866811,0,0.81,0,1,4,1,4,0,1,1,0.731312942721167,0,0,0,1,-2.32350305913059,1,0,1
"84","Azerbaijan","AZE",373,0.00519,0.006643,0,1,0,0,1,0,0,3.25809653802148,16.1075699342028,5.2820450584977,-0.0466812090994079,1,1,3.09104245335832,1,0.2,4.95582705760126,1,4,1,2,0,1,0,0.348441845168866,0,0,0,1,-1.84818440235632,0,0,0
"85","Malawi","MAW",553,0.004146,0.006596,0,1,1,0,0,0,0,3.97029191355212,16.7139459920435,6.58786763680024,-0.0104166666666666,1,1,3.13549421592915,0,0.67,0,0,4,1,4,0,1,1,0.877587048058371,0,1,0,1,-2.00375222279844,0,0,1
"86","Cuba","CUB",40,0.005343,0.006528,0,1,0,0,0,0,0,5.00394630594546,16.2661954128439,2,-0.009,0,1,4.02535169073515,0,0.59,0,1,0,1,3,0,0,0,0.140723915531897,0,1,0,0,-2.97099811505619,0,0,0
"87","Djibouti","DJI",522,0.006099,0.006399,0,0,1,0,0,0,0,3.68887945411394,13.9707667683996,7.36206492772238,0.065,1,1,2.89037175789616,1,0.8,0,1,3,1,3,0,1,0,0.493057094011294,0,0,0,1,-1.91480165221539,0,1,0
"88","Kazakhstan","KZK",705,0.00476,0.006298,0,0,0,0,0,0,1,3.25809653802148,16.6975806017147,3.54964786985977,-0.000384483937115543,1,1,3.25809653802148,1,0.62,0,1,3,1,2,0,1,1,0.652180327354751,0,1,0,1,-2.27813912715153,0,0,0
"89","Ghana","GHA",452,0.003945,0.005744,0,0,1,0,0,0,0,4.0943445622221,17.153404207163,6.54217089351845,0.0179007323026852,1,1,2.77258872223978,0,0.67,0,1,4,2,4,0,1,1,0.878665438989964,0,1,0,0,-1.85695440645987,0,0,1
"90","Bosnia and Herzegovina","BOS",346,0.004039,0.005693,0,1,0,0,1,0,0,3.2188758248682,15.1283465393475,2.25831795812724,0.0262979136341581,1,1,0,0,0.63,0,1,4,1,4,0,1,1,0.810568743857256,0,0,0,1,-1.8768164813675,0,0,0
"91","Dominican Republic","DOM",42,0.004145,0.005566,0,1,0,0,0,0,0,5.02388052084628,16.1929586983193,5.06951674225463,0.0527574353609326,1,1,3.04452243772342,0,0.43,0,1,4,1,4,0,1,1,0.926069686841305,1,0,0,1,-2.39985158681861,0,0,1
"92","Nicaragua","NIC",93,0.004561,0.005236,0,1,0,0,0,0,0,5.18738580584075,15.6597809075567,4.33589667773576,0.0368163439029581,1,1,0,1,0.48,0,1,4,0,4,0,1,1,0.572593603442733,0,0,0,1,-1.79008164348706,0,0,1
"93","Canada","CAN",20,0.003795,0.005124,0,0,0,0,0,0,0,5.01063529409626,17.4028294738962,2.07364413533277,0.00291756138549149,1,1,4.85981240436167,0,0.71,0,1,4,1,4,0,1,1,0.965477795577568,0,0,0,0,-2.20863657124682,0,0,1
"94","Lebanon","LEB",660,0.003154,0.005058,0,0,0,0,0,1,0,4.30406509320417,15.6370968444817,2.66458251889485,0.0014212396367943,0,1,2.484906649788,1,0.13,0,1,4,1,4,0,1,0,0.732333494173795,0,0,0,0,-2.07917702709774,0,0,1
"95","Tunisia","TUN",616,0.003476,0.004689,0,0,0,0,0,1,0,4.11087386417331,16.25996658542,3.47850542618522,0.00122549019607843,1,1,1.09861228866811,0,0.04,4.29045944114839,1,4,2,3,0,1,1,0.85030921397845,0,1,0,0,-1.83206112561759,0,0,1
"96","Bolivia","BOL",145,0.003949,0.004681,0,0,0,0,0,0,0,5.25749537202778,16.214683729767,5.53172667437573,0.0249623052437595,1,1,3.55534806148941,0,0.74,0,1,4,1,4,0,1,1,0.788325918388166,0,0,0,1,-2.34999071030646,0,0,1
"97","Senegal","SEN",433,0.003335,0.004621,0,0,1,0,0,0,0,4.04305126783455,16.5558709486741,6.45755371638518,0.0400654129190514,1,1,2.83321334405622,0,0.69,0,1,4,2,4,0,1,1,0.894783119289256,0,1,0,0,-2.07487710381076,0,0,1
"98","Benin","BEN",434,0.003402,0.0043,0,0,1,0,0,0,0,4.04305126783455,16.2132819767932,8.01249024960405,0.0116767865483418,1,1,3.25809653802148,0,0.79,0,1,4,1,4,0,1,1,0.953249734626339,0,1,0,0,-2.09852567547559,0,0,1
"99","Armenia","ARM",371,0.004193,0.004044,0,0,0,0,1,0,0,3.25809653802148,14.9567411037854,3.54964786985977,0.00376884422110546,1,1,2.94443897916644,1,0.13,0,1,4,1,3,0,1,1,0.83065721026488,0,0,0,0,-2.03148319259096,0,1,0
"100","Swaziland","SWA",572,0.00404,0.003965,0,0,1,0,0,0,0,3.89182029811063,14.2632143385776,6.67083203206317,-0.0110018120631633,0,1,3.78418963391826,1,0.06,0,1,1,0,2,0,0,0,0.330351717658879,0,0,0,1,-1.71290086138356,0,0,0
"101","Georgia","GRG",372,0.00297,0.003804,0,1,0,0,1,0,0,3.25809653802148,15.1808771375833,3.25576411921994,0.0279466562070994,1,1,3.25809653802148,0,0.49,0,1,4,1,4,0,1,1,0.88239307695552,0,0,0,0,-1.705228216589,0,0,1
"102","Serbia","SRB",345,0.003168,0.003571,0,0,0,0,1,0,0,2.39789527279837,15.7927526412055,2.42899156029822,0.0328267925641783,1,1,2.39789527279837,0,0.57,0,1,4,1,4,0,1,1,0.796021131478811,0,0,0,1,-1.6586773483385,0,0,1
"103","Saudi Arabia","SAU",670,0.002951,0.003433,0,0,0,0,0,1,0,4.44265125649032,17.2871050627689,3.53553390593274,-0.00550935333179714,0,1,4.51085950651685,1,0.18,0,1,0,1,0,0,1,0,0.23952630288768,1,1,0,1,-2.25093418824257,0,0,0
"104","Israel","ISR",666,0.002171,0.003409,0,0,0,0,0,1,0,4.23410650459726,15.9783276068608,1.78885438199983,0.0241104352485109,0,1,3.58351893845611,0,0.34,0,1,4,1,3,0,1,0,0.800250217672509,0,1,0,0,-2.31181745958093,0,0,1
"105","Singapore","SIN",830,0.002685,0.00325,0,0,0,1,0,0,0,3.95124371858143,15.5709975281843,1.44913767461894,0.00104306362688122,0,1,3.95124371858143,0,0.39,0,1,4,1,3,0,1,1,0.314363991571305,0,1,0,1,-0.522630993925828,0,1,0
"106","Romania","RUM",360,0.002603,0.003177,0,1,0,0,1,0,0,4.9416424226093,16.7981770874678,3.11448230047949,-0.0796145797849044,1,1,3.04452243772342,0,0.31,0,1,4,1,4,0,1,1,0.952609742045403,0,1,0,0,-1.92856464510854,0,0,1
"107","Fiji","FJI",950,0.002999,0.003134,0,0,0,1,0,0,0,3.85014760171006,13.9331334287939,4.37035467668243,-0.00298174202210532,0,1,1.09861228866811,0,0.55,0,1,4,1,3,0,1,1,0.534447938128688,0,1,0,1,-2.00265188522652,0,1,0
"108","Botswana","BOT",571,0.002373,0.00312,0,0,1,0,0,0,0,3.93182563272433,14.7168122714226,5.89915248150105,0.0265964720361,0,1,3.93182563272433,0,0.41,0,0,4,1,4,0,1,1,0.796358984733856,0,0,0,0,-1.76739304240231,0,0,1
"109","Germany","GER",255,0.002743,0.003069,0,0,0,0,1,0,0,3.29583686600433,18.2193030167478,1.7606816861659,0.0089389566191358,1,1,3.29583686600433,0,0.17,0,1,4,1,4,0,1,1,0.976582349994647,0,1,0,0,-1.91964799159739,0,0,1
"110","South Korea","ROK",732,0.00222,0.002981,0,1,0,1,0,0,0,4.23410650459726,17.7467158865735,1.70293863659264,0.023643674255295,1,1,3.36729582998647,0,0,0,1,4,1,4,0,1,1,0.916847966678772,0,1,0,0,-2.00643669337893,0,0,1
"111","Poland","POL",290,0.002559,0.002918,0,1,0,0,1,0,0,4.59511985013459,17.4484937775529,2.12132034355964,0.0273409719478468,1,1,3.25809653802148,0,0.12,0,1,4,0,4,0,1,1,0.902214221112116,0,1,0,0,-1.73112590263504,0,0,1
"112","Spain","SPN",230,0.002373,0.002829,0,0,0,0,1,0,0,6.26339826259162,17.6496658223473,1.87082869338697,-0.0545302013422819,1,1,3.66356164612965,0,0.42,0,1,4,2,4,0,1,1,0.848852937313425,0,1,0,0,-2.23350817797895,0,0,1
"113","Japan","JPN",740,0.002023,0.002684,0,0,0,1,0,0,0,7.21303165983487,18.6514734141858,1.4142135623731,0.0117124618373579,0,1,4.17438726989564,0,0.01,0,1,4,1,4,0,1,1,0.926147529397124,0,1,0,0,-2.98229848822105,0,0,1
"114","Panama","PAN",95,0.002479,0.002572,0,0,0,0,0,0,0,4.7361984483945,15.2574359242303,3.82099463490856,0.0350329184487481,1,1,3.3322045101752,0,0.55,0,1,4,1,4,0,1,1,0.910525039869424,0,0,0,0,-1.88195115902152,0,0,1
"115","Chile","CHL",155,0.002191,0.002563,0,1,0,0,0,0,0,5.29330482472449,16.703976605895,2.64575131106459,0.00496719775070287,1,1,3.3322045101752,0,0.19,0,1,4,1,4,0,1,1,0.971162350251828,0,1,0,1,-2.36700654009519,0,0,1
"116","Bulgaria","BUL",355,0.002034,0.002535,0,1,0,0,1,0,0,4.93447393313069,15.8022336585285,3.04959013639538,0.0405123449634868,1,1,3.29583686600433,0,0.4,0,1,4,2,4,0,1,1,0.941333367077036,0,1,0,0,-1.50869843577098,0,0,1
"117","United Kingdom","UKG",200,0.002068,0.002521,0,0,0,0,1,0,0,6.17586727010576,17.9925827686334,1.87082869338697,0.0106583395700535,0,1,4.91998092582813,0,0.12,0,1,4,1,4,0,1,1,0.908007620530486,0,1,0,0,-2.30932009553302,0,0,1
"118","Australia","AUL",900,0.002026,0.0024,0,0,0,1,0,0,0,4.75359019110636,17.0020195410856,1.73205080756888,0.0100821003247924,1,1,4.75359019110636,0,0.09,0,1,4,1,4,0,1,1,0.961530254195654,0,0,0,0,-2.69780195611349,0,0,1
"119","Moldova","MLD",359,0.002501,0.002399,0,0,0,0,1,0,0,3.25809653802148,15.137662571099,3.68781778291716,0.0506374573532054,1,1,3.25809653802148,0,0.55,0,1,4,0,4,0,1,1,0.794309549442869,0,0,0,0,-1.59010989158086,0,0,1
"120","France","FRN",220,0.002068,0.002316,0,0,0,0,1,0,0,7.06817200038804,18.0116038996435,1.87082869338697,0.00806283811901798,1,1,3.87120101090789,0,0.1,0,1,4,2,4,0,1,1,0.981962409984676,0,1,0,0,-2.26371211853763,0,0,1
"121","Lesotho","LES",570,0.002209,0.002285,0,0,1,0,0,0,0,3.93182563272433,14.6979682379179,8.31865373723417,0.0206499661475965,1,1,2.70805020110221,0,0.26,0,1,4,1,4,0,1,1,0.710032515733716,0,1,0,0,-1.49376483977957,1,0,1
"122","Paraguay","PAR",150,0.002307,0.002235,0,0,0,0,0,0,0,5.32787616878958,15.7460331017655,4.18330013267038,0.0288139646102343,1,1,3.2188758248682,1,0.17,0,1,4,1,4,0,1,1,0.7007825640149,0,0,0,1,-1.95845809692673,0,0,1
"123","Timor-Leste","ETM",860,0.00193,0.002223,0,0,0,1,0,0,0,2.70805020110221,14.2149792462972,6.68580586017871,0.000573767242853263,0,1,2.70805020110221,0,0.9,0,1,4,1,4,0,1,1,0.846442107607236,0,1,0,0,-2.73780178940168,0,0,1
"124","Comoros","COM",581,0.001906,0.002211,0,0,1,0,0,0,0,3.73766961828337,13.8379491798834,7.42293742395825,0.00410316529894494,0,1,2.39789527279837,0,0,0,1,4,2,2,0,1,1,0.77469955039572,0,0,0,1,-2.28929814791339,0,0,1
"125","Croatia","CRO",344,0.002178,0.002202,0,0,0,0,1,0,0,3.25809653802148,15.289737484,1.89736659610103,0.0344415211671849,1,1,2.83321334405622,0,0.37,0,1,4,1,4,0,1,1,0.719473366942216,0,0,0,1,-1.78881693586523,0,0,1
"126","Italy","ITA",325,0.002065,0.002175,0,0,0,0,1,0,0,5.04985600724954,17.9141187135959,1.70293863659264,0.00911371960891749,1,1,4.23410650459726,0,0.11,0,1,4,1,4,0,1,1,0.962077966033069,0,1,0,0,-2.35094124780207,0,0,1
"127","Honduras","HON",91,0.002441,0.002165,0,0,0,0,0,0,0,5.18738580584075,16.0408687921826,4.17133072292284,0.0190716911764706,1,1,3.55534806148941,1,0.19,0,1,4,0,4,0,1,0,0.841424239465109,0,0,0,1,-1.73096065059423,0,0,1
"128","Jamaica","JAM",51,0.001982,0.001956,0,0,0,0,0,0,0,4.00733318523247,14.942902027517,3.67423461417477,0.00843288826423061,1,1,4.06044301054642,0,0.41,0,1,4,1,4,0,1,1,0.943042815141768,0,0,0,0,-2.02608558322033,0,0,1
"129","Hungary","HUN",310,0.001782,0.001955,0,1,0,0,1,0,0,5.12396397940326,16.1131779612624,2.30217288664427,0.0215812056586941,1,1,3.29583686600433,0,0.15,0,1,4,1,4,0,1,1,0.926122510600319,0,1,0,0,-1.17380852033802,0,0,1
"130","Namibia","NAM",565,0.001805,0.001943,0,0,1,0,0,0,0,3.29583686600433,14.8050390061562,5.72712842531054,-0.00919831223628687,1,1,3.29583686600433,0,0.63,0,1,4,1,4,0,1,1,0.876848390792637,0,1,0,1,-1.68281895942235,0,0,1
"131","Oman","OMA",698,0.001891,0.001917,0,0,0,0,0,1,0,5.90536184805457,15.3449453213975,3.14642654451045,-0.00574185896053481,0,1,4.0943445622221,1,0.44,0,1,0,1,2,0,1,0,0.209592249436864,0,1,0,1,-2.01892683999789,0,0,0
"132","El Salvador","SAL",92,0.001772,0.001889,0,1,0,0,0,0,0,5.17048399503815,15.6898219735679,3.79473319220206,0.0210706847972559,1,1,3.49650756146648,1,0.2,0,1,4,1,4,0,1,1,0.892203106810463,0,1,0,0,-2.08887039461888,0,0,1
"133","Mauritius","MAS",590,0.001663,0.001839,0,0,1,0,0,0,0,3.89182029811063,14.2115219578298,3.43511280746353,0.0324771345637769,1,1,3.89182029811063,0,0.46,0,0,4,1,3,0,1,1,0.921281154692077,0,0,0,1,-1.75313871598165,0,0,1
"134","Belarus","BLR",370,0.001681,0.001754,0,0,0,0,1,0,0,3.25809653802148,16.081595474319,1.84390889145858,-0.027970579094582,1,1,3.04452243772342,0,0.32,0,1,4,1,3,0,1,1,0.759502721370966,0,1,0,0,-1.49521376145496,0,0,0
"135","Belgium","BEL",211,0.001671,0.001697,0,0,0,0,1,0,0,5.23110861685459,16.2537772061555,1.81659021245849,0.00510991373858483,1,1,4.29045944114839,0,0.56,0,1,4,1,4,0,1,1,0.947347105582435,0,1,0,0,-1.20239712436533,0,0,1
"136","Czech Republic","CZR",316,0.001695,0.00163,0,0,0,0,1,0,0,3.17805383034795,16.1853552369313,1.67332005306815,0.0223281815192371,1,1,3.17805383034795,0,0.32,0,1,4,1,4,0,1,1,0.972086660326866,0,1,0,0,-1.29022746516086,0,0,1
"137","Switzerland","SWZ",225,0.001421,0.001592,0,0,0,0,1,0,0,6.5875500148248,15.9584741049008,1.84390889145858,0.00598607586700495,0,1,5.12989871492307,0,0.53,0,1,4,1,4,0,1,1,0.974859664937436,0,1,0,0,-1.53719229983881,0,0,1
"138","Albania","ALB",339,0.001521,0.001523,0,1,0,0,1,0,0,4.65396035015752,14.9412159710693,3.53553390593274,0.0308760390974696,1,1,2.99573227355399,0,0.22,0,1,4,1,4,0,1,1,0.794989311880295,0,1,0,0,-2.04925796364364,0,0,1
"139","Netherlands","NTH",210,0.001386,0.001276,0,0,0,0,1,0,0,6.10702288774225,16.6543014328408,1.78885438199983,0.0163217299795722,1,1,4.27666611901606,0,0.11,0,1,4,1,4,0,1,1,0.927714058841955,0,1,0,0,-1.27415753555815,0,0,1
"140","Solomon Islands","SOL",940,0.001349,0.001276,0,0,0,1,0,0,0,3.66356164612965,13.6273380555724,4.85798312059645,0.0216260129110392,0,1,2.56494935746154,0,0.11,0,1,4,1,3,0,1,0,0.80707261931257,0,0,0,0,-0.415967830307314,0,0,1
"141","Slovakia","SLO",317,0.001425,0.001262,0,0,0,0,1,0,0,3.17805383034795,15.5403365292614,2.40831891575846,0.0315492740191536,1,1,3.17805383034795,0,0.25,0,1,4,1,4,0,1,1,0.953120584417892,0,1,0,0,-1.07248825421637,0,0,1
"142","Greece","GRC",350,0.001379,0.001241,0,0,0,0,1,0,0,5.22035582507832,16.2045736519652,1.89736659610103,0.00586677531065383,1,1,3.73766961828337,0,0.16,0,1,4,1,3,0,1,1,0.968023112544248,0,1,0,0,-2.25479004935588,0,0,1
"143","Mongolia","MON",712,0.00124,0.001233,0,0,0,1,0,0,0,4.66343909411207,14.9886657510031,4.35889894354067,-0.00305233863003862,1,1,3.2188758248682,0,0.37,0,1,4,2,4,0,1,1,0.957654340509172,0,1,0,0,-1.78396440200681,0,0,1
"144","Latvia","LAT",367,0.001337,0.001187,0,0,0,0,1,0,0,3.25809653802148,14.5925349374812,2.62678510731274,0.0280760429501847,1,1,3.25809653802148,0,0.59,0,1,4,1,4,0,1,1,0.963538265950474,0,1,0,0,-1.54804387975265,0,0,1
"145","Trinidad and Tobago","TRI",52,0.001287,0.001119,0,0,0,0,0,0,0,4.00733318523247,14.2769529702599,4.26614580154031,-0.0496568690923216,1,1,4.00733318523247,0,0.65,0,1,4,1,4,0,1,1,0.920682869279137,0,1,0,1,-0.109199291964992,0,0,1
"146","Guyana","GUY",110,0.001323,0.001081,0,0,0,0,0,0,0,3.93182563272433,13.8161275748438,5.65685424949238,0.0205024476566632,1,1,3.2188758248682,0,0.62,0,0,4,1,4,0,1,1,0.95209310751822,0,1,0,1,-1.73267263707816,0,0,1
"147","Austria","AUS",305,0.001214,0.001073,0,0,0,0,1,0,0,4.59511985013459,15.9998030672921,1.70293863659264,0.00367933994871228,1,1,4.26267987704132,0,0.11,0,1,4,1,4,0,1,1,0.956287416820377,0,1,0,0,-1.72374128113636,0,0,1
"148","Macedonia","MAC",343,0.001299,0.00103,0,0,0,0,1,0,0,3.25809653802148,14.6464364878582,2.19089023002066,0.0221551597232446,1,1,2.70805020110221,1,0.5,0,1,4,0,3,0,1,1,0.745766718905114,0,1,0,1,-1.58933541391916,0,0,1
"149","Lithuania","LIT",368,0.001187,0.001013,0,0,0,0,1,0,0,3.25809653802148,14.9386850860977,1.81659021245849,0.0357213497369357,1,1,3.25809653802148,0,0.32,0,1,4,1,4,0,1,1,0.888426995853566,0,1,0,0,-1.31880530516155,0,0,1
"150","Portugal","POR",235,0.00119,0.001013,0,0,0,0,1,0,0,6.77308037565554,16.1628069664949,1.73205080756888,0.0172812328013208,1,1,3.71357206670431,0,0.05,0,1,4,1,4,0,1,1,0.967641153269273,0,1,0,0,-1.98697015221203,0,0,1
"151","New Zealand","NEW",920,0.001017,0.000994,0,0,0,1,0,0,0,4.70048036579242,15.4009264845694,2.16794833886788,0.0177904021527882,1,1,4.9416424226093,0,0.4,0,1,4,1,4,0,1,1,0.967256876270109,0,1,0,0,-2.45111870212804,0,0,1
"152","Montenegro","MNE",341,0.001178,0.0009899,0,0,0,0,1,0,0,2.39789527279837,13.6543166050187,2.07364413533277,0.0285263276581351,1,1,2.39789527279837,0,0.7,0,1,4,1,4,0,1,1,0.797508867776125,0,1,0,1,-1.70050444199189,0,0,1
"153","Costa Rica","COS",94,0.001149,0.0009877,0,0,0,0,0,0,0,5.27811465923052,15.4336613504709,2.91547594742265,0.030807783018868,1,1,4.58496747867057,0,0.24,0,1,4,1,4,0,1,1,0.983241324130667,0,1,0,0,-2.20194561580007,0,0,1
"154","Uruguay","URU",165,0.001175,0.0009711,0,0,0,0,0,0,0,5.25749537202778,15.1087619134342,2.94957624075052,0.0115924344112264,1,1,3.46573590279973,0,0.25,0,1,4,1,4,0,1,1,0.948995095625409,0,1,0,0,-2.68373169827502,0,0,1
"155","Cyprus","CYP",352,0.001156,0.0009702,0,0,0,0,1,0,0,4.04305126783455,14.14730874084,1.58113883008419,0.024591746129792,1,1,3.76120011569356,0,0.09,0,1,4,1,3,0,1,1,0.927493835658587,0,0,0,0,-1.45334749944645,0,0,1
"156","Sweden","SWD",380,0.001098,0.0009503,0,0,0,0,1,0,0,6.20253551718792,16.12396990073,1.54919333848297,0.0208678446530461,1,1,4.60517018598809,0,0.06,0,1,4,1,4,0,1,1,0.942222803263402,0,1,0,0,-1.92679003091252,0,0,1
"157","Estonia","EST",366,0.001111,0.0009315,0,0,0,0,1,0,0,3.25809653802148,14.2457854531374,1.51657508881031,0.0148507173322994,1,1,2.83321334405622,0,0.51,0,1,4,1,4,0,1,1,0.955528354081849,0,1,0,0,-1.27266793019946,0,0,1
"158","Finland","FIN",375,0.001053,0.000898,0,0,0,0,1,0,0,4.59511985013459,15.5516523828457,1.37840487520902,0.0109440928270041,1,1,4.29045944114839,0,0.13,0,1,4,1,4,0,1,1,0.953116121401778,0,1,0,0,-2.07632047611238,0,0,1
"159","Ireland","IRE",205,0.001007,0.0008475,0,0,0,0,1,0,0,4.55387689160054,15.4134496056649,1.73205080756888,0.0427377651202878,1,1,4.56434819146784,0,0.12,0,1,4,1,4,0,1,1,0.947745664861813,0,1,0,0,-0.885464714529263,0,0,1
"160","Norway","NOR",385,0.0009962,0.0008278,0,0,0,0,1,0,0,4.71849887129509,15.5050947785454,1.4142135623731,0.00120568770067497,1,1,4.27666611901606,0,0.06,0,1,4,1,4,0,1,1,0.952119895440403,0,1,0,0,-2.15888134693652,0,0,1
"161","Slovenia","SLV",349,0.001,0.0008079,0,0,0,0,1,0,0,3.25809653802148,14.6394407038862,1.44913767461894,0.0243615770915697,1,1,3.25809653802148,0,0.22,0,1,4,1,4,0,1,1,0.922418194142856,0,1,0,0,-1.32944397842937,0,0,1
"162","Denmark","DEN",390,0.0009664,0.0007879,0,0,0,0,1,0,0,6.95844839329766,15.5914428877139,1.70293863659264,0.00449498208682875,1,1,4.27666611901606,0,0.08,0,1,4,1,4,0,1,1,0.972258027825309,0,1,0,0,-1.72578682190446,0,0,1
